Andrea,bio andrea
Kelvin,bio Kelvin
Viviana,bio Viviana
Dario,bio dario
Caballero,bio caballero
Moreno,bio Moreno
Avila,bio Avila
Guerrero,bio Guerrero