base;nombre;apellido
Jerónimo Acero;Jerónimo;Acero
Antonio Acero de la Cruz;Antonio;Acero de la Cruz
José María Agudelo;José María;Agudelo
Cristóbal de Aguilar;Cristóbal de;Aguilar
Aguilar;;Aguilar
Juan Francisco de Aguilera;Juan Francisco de;Aguilera
Diego Aguilera;Diego;Aguilera
Juan Aguilera;Juan;Aguilera
Pedro de Aguirre;Pedro de;Aguirre
Francisco Albán;Francisco;Albán
Vicente Albán;Vicente;Albán
José de Albistur;José de;Albistur
José de Alcíbar;José de;Alcíbar
Francis Alexander;Francis;Alexander
Cosmo Alexander;Cosmo;Alexander
José Germán de Alfaro;José Germán de;Alfaro
José de Alfaro;José de;Alfaro
Alfaro;;Alfaro
Diego de Aliaga;Diego de;Aliaga
Allport;;Allport
Washington Allston;Washington;Allston
Silvestre de Almeida Lopes;Silvestre de;Almeida Lopes
José Lorenzo de Alvarado;José Lorenzo de;Alvarado
Fernando Álvarez Carneiro;Fernando;Álvarez Carneiro
Alfonso Álvarez de Urrutia;Alfonso;Álvarez de Urrutia
Francisco Pedro do Amaral;Francisco Pedro do;Amaral
Ezra Ames;Ezra;Ames
Pieter Andersen;Pieter;Andersen
Gaspar de Angulo;Gaspar de;Angulo
Anónimo;;Anónimo
José Antolínez;José;Antolínez
José Aragón;José;Aragón
Alonso de Arandia;Alonso de;Arandia
José María Arango;José María;Arango
José de Arce;José de;Arce
Alonso del Arco;Alonso del;Arco
Juan de Arellano;Juan de;Arellano
Manuel de Arellano;Manuel de;Arellano
Miguel Arellano;Miguel;Arellano
Josephus Arias Huerta;Josephus;Arias Huerta
Juan Antonio Arriaga;Juan Antonio;Arriaga
José Arriaga;José;Arriaga
Juan de Arrúe;Juan de;Arrúe
Matías de Arteaga;Matías de;Arteaga
Antonio Astudillo;Antonio;Astudillo
C. Astudillo;C.;Astudillo
Lewis Aubineau;Lewis;Aubineau
Miguel Aucell;Miguel;Aucell
John James Audubon;John James;Audubon
Ávila;;Ávila
José Avitavilli;José;Avitavilli
José Antonio de Ayala;José Antonio de;Ayala
Bernabé de Ayala;Bernabé de;Ayala
Ignacio de Ayala;Ignacio de;Ayala
Antonio Azuero;Antonio;Azuero
Pedro Azurdui;Pedro;Azurdui
Joseph Badger;Joseph;Badger
Thomas Badger;Thomas;Badger
Pedro Báez Cabral;Pedro;Báez Cabral
C. Bak;C.;Bak
Balderrama;;Balderrama
Lázaro Baldi;Lázaro;Baldi
João Baptista;João;Baptista
José María Barajas;José María;Barajas
Ignacio María Barreda;Ignacio María;Barreda
Laureano de Barreda;Laureano de;Barreda
Ignacio Barreda;Ignacio;Barreda
Francisco de Barrera;Francisco de;Barrera
José María de Bastida;José María de;Bastida
Pompeo Batoni;Pompeo;Batoni
Daniel Bautista;Daniel;Bautista
Juan y Nicolás Becerra;Juan y Nicolás;Becerra
Diego Becerra;Diego;Becerra
Pedro Bedón;Pedro;Bedón
Cornelius de Beet;Cornelius de;Beet
Francisco Bejarano;Francisco;Bejarano
Belchior Paulo;Paulo;Belchior
Zedekiah Belknap;Zedekiah;Belknap
Benavides;;Benavides
Henri Benbridge;Henri;Benbridge
Henry Benbridge;Henry;Benbridge
Antonio Anselmo Benítez;Antonio Anselmo;Benítez
William James Bennett;William James;Bennett
Ignacio Berbeno;Ignacio;Berbeno
Luis Berger S. J.;Luis;Berger
Bergmuller;;Bergmuller
José Joaquín Bermejo;José Joaquín;Bermejo
Antonio Bermejo;Antonio;Bermejo
Joaquín Bermejo;Joaquín;Bermejo
Bermúdez;;Bermúdez
Rafael Bermúdez;Rafael;Bermúdez
Gaspar Miguel de Berrío;Gaspar Miguel de;Berrío
Luis Berrueco;Luis;Berrueco
José Berruecos;José;Berruecos
Jacopo Bertuccio;Jacopo;Bertuccio
Francisco Bezerra;Francisco;Bezerra
George Bickham;George;Bickham
Edwin T. Billings;Edwin T.;Billings
Pedro Binera;Pedro;Binera
William Russell Birch;William Russell;Birch
Thomas Birch;Thomas;Birch
William Birch;William;Birch
Charles Bird King;Charles;Bird King
Bernardo Bitti;Bernardo;Bitti
Joseph Blackburn;Joseph;Blackburn
William Blake;William;Blake
John S. Blunt;John S.;Blunt
William Bonnell;William;Bonnell
Diego de Borgraf;Diego de;Borgraf
David Boudon;David;Boudon
Henry Brintnell Bounetheau;Henry Brintnell;Bounetheau
Henry Bounetheau;Henry;Bounetheau
Charlotte-Marguerite de Bourbon, Comtesse de Lowendahl;Charlotte-Marguerite de;Bourbon
Samuel Finley Breese Morse;Samuel Finley;Breese Morse
John Brewster, Jr.;John;Brewster
Charles Bridges;Charles;Bridges
Hugh Bridport;Hugh;Bridport
William Britton;William;Britton
Mather Brown;Mather;Brown
Agostino Brunias;Agostino;Brunias
Adam Buck;Adam;Buck
Fredrick Buck;Fredrick;Buck
Jonathan Budington;Jonathan;Budington
Henry Jacob Burch, Jr.;Henry Jacob;Burch
Joseph Francis Burrell;Joseph Francis;Burrell
José de Bustos;José de;Bustos
José Bustos;José;Bustos
Pablo Caballero;Pablo;Caballero
Ascencio Cabrera;Ascencio;Cabrera
Cabrera;;Cabrera
Hermanos Cabrera;Hermanos;Cabrera
Miguel Cabrera;Miguel;Cabrera
Nicolás Cabrera;Nicolás;Cabrera
Tomás Cabrera;Tomás;Cabrera
J.B Cáceres;J.B;Cáceres
Luis Cadena;Luis;Cadena
Juan de Calderón;Juan de;Calderón
Diego Calderón;Diego;Calderón
Tomás Calderón;Tomás;Calderón
Camargo;;Camargo
Luca Cambiasso;Luca;Cambiasso
Pedro de Campaña;Pedro de;Campaña
José Campeche Jordán;José;Campeche Jordán
Bento José Rufino Campinam;Bento José Rufino;Campinam
Antonio de Campo;Antonio de;Campo
Ángel María Camponeschi;Ángel María;Camponeschi
Camus;;Camus
Alonso Cano;Alonso;Cano
John Canter;John;Canter
Joaquín Carballo;Joaquín;Carballo
Francisco Carden;Francisco;Carden
Antonio Cárdenas;Antonio;Cárdenas
Rafael Cárdenas;Rafael;Cárdenas
Vicente Carducho;Vicente;Carducho
Jesuino do Monte Carmelo;Jesuino do Monte;Carmelo
Francisco Xavier Carneiro;Francisco Xavier;Carneiro
Manuel Caro;Manuel;Caro
Diego del Carpio;Diego del;Carpio
Diego Carrasco;Diego;Carrasco
Juan Carreño de Miranda;Juan;Carreño de Miranda
Manuel Carreto;Manuel;Carreto
Mariano Carrillo;Mariano;Carrillo
Mariano Carrillo y Julián Jayo;Mariano y Julián;Carrillo y Jayo
Domingo Carro;Domingo;Carro
Luis de Carvajal;Luis de;Carvajal
Jacinto Carvajal;Jacinto;Carvajal
José Leandro de Carvalho;José Leandro de;Carvalho
Gregorio Carvallo de la Parra;Gregorio;Carvallo de la Parra
Diego de Casanova;Diego de;Casanova
Joaquín Castañón;Joaquín;Castañón
Joseph Castel;Joseph;Castel
Juan Castellanos;Juan;Castellanos
José del Castillo;José del;Castillo
Miguel del Castillo;Miguel del;Castillo
Gil de Castro;Gil de;Castro
Ignacio de Castro;Ignacio de;Castro
José Antonio Castro;José Antonio;Castro
George Catlin;George;Catlin
Cavalli;;Cavalli
Cavicchia;;Cavicchia
Bartolomé Alonso de Cazales;Bartolomé Alonso de;Cazales
Isauro Cervantes;Isauro;Cervantes
Ignacio Chacón;Ignacio;Chacón
Winthrop Chandler;Winthrop;Chandler
Chaves;;Chaves
José Pablo Chávez;José Pablo;Chávez
Nicolás Chávez de Villafuerte;Nicolás;Chávez de Villafuerte
Francisco Chihuantito;Francisco;Chihuantito
Pablo Chili Tupac;Pablo;Chili Tupac
Marcos Chillitupac Inca;Marcos;Chillitupac Inca
Manuel Thadeo Chirino;Manuel Thadeo;Chirino
Francisco Clapera;Francisco;Clapera
Hendrich de Clerk;Hendrich de;Clerk
Tomás de Cócar;Tomás de;Cócar
José Joaquín Codina;José Joaquín;Codina
Pieter de Coecke;Pieter de;Coecke
John Stevens Cogdell;John Stevens;Cogdell
Thomas Cole;Thomas;Cole
John Coles, Jr.;John;Coles
Louis Antoine Collas;Louis Antoine;Collas
Juan de la Concepción y Beraun Fray;Juan de la;Concepción y Beraun
Andrés de la Concha;Andrés de la;Concha
John Condé;John;Condé
Gaspar Conrado;Gaspar;Conrado
Plácido Constanzi;Plácido;Constanzi
William Contastable;William;Contastable
Miguel Rudecindo Contreras;Miguel Rudecindo;Contreras
Francisco Contreras;Francisco;Contreras
C. D. Cook;C. D.;Cook
John Singleton Copley;John Singleton;Copley
Thomas Coram;Thomas;Coram
Manuel de Córdova;Manuel de;Córdova
Michele Felice Cornè;Michele Felice;Cornè
Juan del Corral;Juan del;Corral
José Correa;José;Correa
Juan Correa;Juan;Correa
Luis Correa;Luis;Correa
Miguel Correa;Miguel;Correa
Nicolás Correa;Nicolás;Correa
Juan Correa, hijo;Juan;Correa, hijo
João Nepomuceno Correia e Castro;João Nepomuceno;Correia e Castro
Antonio y Nicolás Cortés;Antonio y Nicolás;Cortés
Francisco Javier Cortés;Francisco Javier;Cortés
Antonio Cortés;Antonio;Cortés
Francisco Cortés;Francisco;Cortés
Nicolás Cortés;Nicolás;Cortés
José Cortés de Alcocer;José;Cortés de Alcocer
Mariano Corvacho;Mariano;Corvacho
Aaron Haugthon Corwine;Aaron Haugthon;Corwine
Raimundo da Costa;Raimundo da;Costa
José da Costa Andrade;José da;Costa Andrade
Manoel da Costa Ataíde;Manoel da;Costa Ataíde
Caetano da Costa Coelho;Caetano da;Costa Coelho
Domingos da Costa Filgueiras;Domingos da;Costa Filgueiras
Olacido Costanzi;Olacido;Costanzi
Francis Cotes;Francis;Cotes
John James Crawley;John James;Crawley
Hernando de la Cruz;Hernando de la;Cruz
Manuel de la Cruz;Manuel de la;Cruz
Manuel Cruz;Manuel;Cruz
Nicolás Cruz;Nicolás;Cruz
Francisco Javier de Cuenca;Francisco Javier de;Cuenca
Diego de Cuentas;Diego de;Cuentas
Thomas Seir Cummings;Thomas Seir;Cummings
Manuel da Cunha;Manuel da;Cunha
Diego Cusi Guamán;Diego;Cusi Guamán
Laurent Dabos;Laurent;Dabos
George Dame;George;Dame
Juan Bautista Daniel;Juan Bautista;Daniel
T. Davies;T.;Davies
Laureano Dávila;Laureano;Dávila
Thomas Day;Thomas;Day
Jean Baptiste Debret;Jean Baptiste;Debret
Agustín Del Pino;Agustín Del;Pino
Del Rio;;Del Rio
Denison Limner;Limner;Denison
William Dering;William;Dering
Arthur Devis;Arthur;Devis
Manoel Dias de Oliveira;Manoel;Dias de Oliveira
Pedro José Díaz;Pedro José;Díaz
José Díaz;José;Díaz
Pedro Díaz;Pedro;Díaz
Anson Dickinson;Anson;Dickinson
Daniel Dickinson;Daniel;Dickinson
Christian Dittrich;Christian;Dittrich
Pío Domínguez del Castillo;Pío;Domínguez del Castillo
Diego Domínguez Sanabria;Diego;Domínguez Sanabria
Thomas Doughty;Thomas;Doughty
William M. S. Doyle;William M. S.;Doyle
Francis Martin Drexel;Francis Martin;Drexel
Juan Dualte;Juan;Dualte
Nicholas-Francois Dun;Nicholas-Francois;Dun
Joseph Dunkerley;Joseph;Dunkerley
William Dunlap;William;Dunlap
Juan Duns Scoto;Juan;Duns Scoto
Joseph Siffred Duplessis;Joseph Siffred;Duplessis
John Durand;John;Durand
John Waldo Durant;John Waldo;Durant
Ambrose Duval;Ambrose;Duval
Gerardus Duyckinck I;Gerardus I;Duyckinck
James Earl;James;Earl
Ralph Earl;Ralph;Earl
Baltasar Echave Ibía;Baltasar;Echave Ibía
Baltasar Echave Orio;Baltasar;Echave Orio
Baltasar de Echave y Rioja;Baltasar de;Echave y Rioja
Albert Eckout;Albert;Eckout
Johann Eckstein;Johann;Eckstein
Nicolás de los Ecoz;Nicolás de los;Ecoz
Thomas Edwards;Thomas;Edwards
Jacob Eichholtz;Jacob;Eichholtz
A. Ellis;A.;Ellis
José Elói;José;Elói
Jean Pierre Henri Elouis;Jean Pierre Henri;Elouis
George Engleheart;George;Engleheart
Antonio Enriquez;Antonio;Enriquez
Nicolás Enríquez;Nicolás;Enríquez
Antonio Ergueta;Antonio;Ergueta
Tadeo Escalante;Tadeo;Escalante
José Nicolás de la Escalera;José Nicolás de la;Escalera
Isidro Escamilla;Isidro;Escamilla
Francisco de Escobar;Francisco de;Escobar
Francisco Escobar;Francisco;Escobar
Vicente Escobar y Flores;Vicente;Escobar y Flores
Antonio de Espinosa;Antonio de;Espinosa
Jerónimo Jacinto de Espinoza;Jerónimo Jacinto de;Espinoza
Marcelo Espinoza;Marcelo;Espinoza
José Espinoza de los Monteros;José;Espinoza de los Monteros
Juan Espinoza de Los Monteros;Juan;Espinoza de Los Monteros
José Joaquín Esquivel;José Joaquín;Esquivel
José F. De Estrada;José F. De;Estrada
Antonio Estrada;Antonio;Estrada
John Faber;John;Faber
Felipe Fabres;Felipe;Fabres
Marcelino Falcón de Aguilar;Marcelino;Falcón de Aguilar
Julián Falla;Julián;Falla
José Mariano Farfán de los Godos;José Mariano;Farfán de los Godos
Richard Fecke;Richard;Fecke
Robert Feke;Robert;Feke
Tomás Fernández de Heredia;Tomás;Fernández de Heredia
Charles Balthazar Julien Fevret de Saint-Memin;Charles Balthazar Julien;Fevret de Saint-Memin
Robert Field;Robert;Field
Joao Batista de Figuereido;Joao Batista de;Figuereido
Baltasar de Figueroa;Baltasar de;Figueroa
Gaspar de Figueroa;Gaspar de;Figueroa
José Celestino Figueroa;José Celestino;Figueroa
José Miguel Figueroa;José Miguel;Figueroa
Pedro José Figueroa;Pedro José;Figueroa
Jacobo o Lorenzo Fiorini;Jacobo o Lorenzo;Fiorini
Alvan Fisher;Alvan;Fisher
Javier Flores;Javier;Flores
Leonardo Flores;Leonardo;Flores
Juan Flores Sevilla;Juan;Flores Sevilla
Manoel Antônio da Fonseca;Manoel Antônio da;Fonseca
Guillermo Forchaudt;Guillermo;Forchaudt
Joanes Franciscus;Joanes;Franciscus
Antonio Joaquim Franco;Antonio Joaquim;Franco
Alonso Franco;Alonso;Franco
Charles Fraser;Charles;Fraser
David Freake-Gibbs;David;Freake-Gibbs
George Freeman;George;Freeman
José Joaquín Freire;José Joaquín;Freire
Veríssimo de Freitas;Veríssimo de;Freitas
Pedro Antonio Fresquis;Pedro Antonio;Fresquis
James Frothingham;James;Frothingham
Jacob Frymire;Jacob;Frymire
Hermana Juana Beatriz de la Fuente;Hermana Juana Beatriz de la;Fuente
Robert Fulton;Robert;Fulton
G.E.;;G.E.
Thomas Gainsborought;Thomas;Gainsborought
Nicolao Rubences Galero;Nicolao Rubences;Galero
Manuel Galicia;Manuel;Galicia
Faustino Galindo;Faustino;Galindo
Juan Gallegos;Juan;Gallegos
Matías de Gálvez;Matías de;Gálvez
José Manuel de Gamarra;José Manuel de;Gamarra
Gregorio Gamarra;Gregorio;Gamarra
José Gamarra;José;Gamarra
Gansevoort Limner;Limner;Gansevoort
Felipe García;Felipe;García
Manuel García;Manuel;García
Mauricio García;Mauricio;García
Victorino García;Victorino;García
Pablo García del Campo;Pablo;García del Campo
Pedro García Ferrer;Pedro;García Ferrer
Luis García Hevia;Luis;García Hevia
Agustín García Zorro de Useche;Agustín;García Zorro de Useche
José Garzón Melgarejo;José;Garzón Melgarejo
Juan Gerson;Juan;Gerson
Geslain;;Geslain
Freake Gibbs;Freake;Gibbs David?
José Gil de Castro;José;Gil de Castro
Robert Jr. Gilmor;Robert Jr.;Gilmor
Reverend William Gilpin;Reverend William;Gilpin
José Miguel Gómez;José Miguel;Gómez
Jerónimo Gómez;Jerónimo;Gómez
Manuel Gómez;Manuel;Gómez
Mateo Gómez;Mateo;Gómez
José Gómez de Sandoval;José;Gómez de Sandoval
Joaquim Gonçalves da Rocha;Joaquim;Gonçalves da Rocha
Miguel y Juan González;Miguel y Juan;González
Juan González;Juan;González
Miguel González;Miguel;González
Eliza Goodridge;Eliza;Goodridge
Sarah Goodridge;Sarah;Goodridge
Nicolás Javier de Goríbar;Nicolás Javier de;Goríbar
Francisco Estanislao Goyena y Odaly;Francisco Estanislao;Goyena y Odaly
Valentine Green;Valentine;Green
Benjamin Greenleaf;Benjamin;Greenleaf
John Greenwood;John;Greenwood
Ethan Allen Greenwood;Ethan Allen;Greenwood
Henry Grey;Henry;Grey
José Grimau S. J.;José;Grimau
Fernando Gualpa Tupa;Fernando;Gualpa Tupa
Batailles de Guararapes;Batailles de;Guararapes
Miguel Guelles;Miguel;Guelles
Miguel Güelles y Domingo Caro;Miguel y Domingo;Güelles y Caro
Mariano Guerrero;Mariano;Guerrero
Buenaventura José Guiol;Buenaventura José;Guiol
Christian Amadus Gullager;Christian Amadus;Gullager
Christian Gullager;Christian;Gullager
Gerónimo Gutiérrez;Gerónimo;Gutiérrez
Rafael Joaquín Gutiérrez;Rafael Joaquín;Gutiérrez
Gutiérrez;;Gutiérrez
Joaquín Gutiérrez;Joaquín;Gutiérrez
Francis Guy;Francis;Guy
J.M Habiyu;J.M;Habiyu
A. Haddock;A.;Haddock
John Valentine Haidt;John Valentine;Haidt
Chester Harding;Chester;Harding
Jeremiah Pearson Hardy;Jeremiah Pearson;Hardy
Edward Heaton;Edward;Heaton
John Heaton;John;Heaton
Charles Hénard;Charles;Hénard
Daniel Hendrickson;Daniel;Hendrickson
Pierre Henri;Pierre;Henri
Salome Hensel;Salome;Hensel
Antonio de Heredia;Antonio de;Heredia
José María Hernández;José María;Hernández
Alonso Hernández de Heredia;Alonso;Hernández de Heredia
Miguel de Herrera;Miguel de;Herrera
Francisco de Herrera y Velarde;Francisco de;Herrera y Velarde
Gustavus Hesselius;Gustavus;Hesselius
John Hesselius;John;Hesselius
Edward Hicks;Edward;Hicks
Diego José Hilaris;Diego José;Hilaris
Nathaniel Hone;Nathaniel;Hone
Milton W. Hopkins;Milton W.;Hopkins
John Hoppner;John;Hoppner
William James Hubard;William James;Hubard
Thomas Hudson;Thomas;Hudson
Salvador Huerta;Salvador;Huerta
Pieter Van Huffel;Pieter Van;Huffel
José de Ibarra;José de;Ibarra
Ramón Ibarra y González;Ramón;Ibarra y González
Charles Cromwell Ingham;Charles Cromwell;Ingham
Henry Inman;Henry;Inman
Joaquín de Inza;Joaquín de;Inza
Andrés Islas;Andrés;Islas
Hahiyú de Itapuá;Hahiyú de;Itapuá
J. H.;;J. H.
Leonardo Jaramillo;Leonardo;Jaramillo
John Wesley Jarvis;John Wesley;Jarvis
Julián Jayo;Julián;Jayo
William Jennys;William;Jennys
Manoel Víctor de Jesus;Manoel Víctor de;Jesus
José Teóphilo de Jesús;José Teóphilo de;Jesús
Pablo De Jesús;Pablo De;Jesús
William Jewett;William;Jewett
José Antonio Jiménez;José Antonio;Jiménez
Miguel Jiménez;Miguel;Jiménez
Leandro Joaquín;Leandro;Joaquín
Henri-Joseph Johns;Henri-Joseph;Johns
Joshua Johnson;Joshua;Johnson
Henrietta De Beaulieu Dering Johnston;Henrietta De Beaulieu Dering;Johnston
John Johnston;John;Johnston
Matthew Harris Jouett;Matthew Harris;Jouett
Juan de Juanes;Juan de;Juanes
José Juárez;José;Juárez
Luis Juárez;Luis;Juárez
Tomás Julián;Tomás;Julián
Carlos Juliao;Carlos;Juliao
Juan José Jurado;Juan José;Jurado
William Keable;William;Keable
Frederick Kemmelmeyer;Frederick;Kemmelmeyer
Stephan Kessler;Stephan;Kessler
John Lewis Krimmel;John Lewis;Krimmel
Andrés Lagarto;Andrés;Lagarto
Luis Lagarto;Luis;Lagarto
Antonio José Landaeta;Antonio José;Landaeta
Juan José Landaeta;Juan José;Landaeta
Charles Paul Landon;Charles Paul;Landon
Gregorio José de Lara;Gregorio José de;Lara
Hernando de Lara;Hernando de;Lara
Tomás Lara;Tomás;Lara
Pierre Lavallé;Pierre;Lavallé
Bernardo Legarda;Bernardo;Legarda
José Legarda;José;Legarda
Lorenzo Tiburcio de León;Lorenzo Tiburcio de;León
Francisco de León;Francisco de;León
Francisco José de Lerma y Villegas;Francisco José de;Lerma y Villegas
Samuel Lewisl;Samuel;Lewisl
Lorenzo de Leyba;Lorenzo de;Leyba
Liborio Lázaro Lial;Liborio Lázaro;Lial
Andrés de Liébana;Andrés de;Liébana
Sherman Limner;Limner;Sherman
Joseph-Pierre Picot de Limoelan de Clorivière;Joseph-Pierre Picot de;Limoelan de Clorivière
Martín de Loayza;Martín de;Loayza
Simón Lobato;Simón;Lobato
Andrés José López;Andrés José;López
Carlos Clemente López;Carlos Clemente;López
Juan Pedro López;Juan Pedro;López
Andrés López;Andrés;López
Anselmo López;Anselmo;López
Carlos López;Carlos;López
Emanuel López;Emanuel;López
Jerónimo López;Jerónimo;López
Miguel López;Miguel;López
Vicente López;Vicente;López
Pedro López Calderón;Pedro;López Calderón
Sebastián López de Arteaga;Sebastián;López de Arteaga
Alonso López de Herrera;Alonso;López de Herrera
Francisco López y Castro;Francisco;López y Castro
Estevao do Loreto Joassar;Estevao do;Loreto Joassar
Francisco Lovera;Francisco;Lovera
William Lovett;William;Lovett
José Lozano;José;Lozano
Cristóbal Lozano;Cristóbal;Lozano
Bosset de Luze;Bosset de;Luze
Francisco Macías;Francisco;Macías
Ebenezer Mack;Ebenezer;Mack
MacKay;;MacKay
Mariano Salvador Maella;Mariano Salvador;Maella
Jacob Maentel;Jacob;Maentel
Domingo Maestre;Domingo;Maestre
Matías Maestro;Matías;Maestro
José Joaquín Magón;José Joaquín;Magón
Edward Greene Malbone;Edward Greene;Malbone
Luis Francisco Maldonado;Luis Francisco;Maldonado
Miguel Mateo Maldonado;Miguel Mateo;Maldonado
Juan Manosalvas;Juan;Manosalvas
Padre Manuel, El Jesuita;Padre;Manuel El Jesuita
Carlo Maratta;Carlo;Maratta
Carlos Maratta;Carlos;Maratta
Manuel Marimón;Manuel;Marimón
Francisco Martínez;Francisco;Martínez
José Martínez;José;Martínez
Pedro Martínez;Pedro;Martínez
Miguel Antonio Martínez de Pocasangre;Miguel Antonio;Martínez de Pocasangre
Manuel Martínez Zaldúa;Manuel;Martínez Zaldúa
Antonio Martins da Silveira;Antonio;Martins da Silveira
Eusebio de Matos;Eusebio de;Matos
Paolo de Matteis;Paolo de;Matteis
Frederick W. Mayhew;Frederick W.;Mayhew
James McArdell;James;McArdell
Thomas McIlworth;Thomas;McIlworth
José Medina;José;Medina
Angelino Medoro;Angelino;Medoro
Luis de Mena;Luis de;Mena
Diego de Mendoza;Diego de;Mendoza
Miguel de Mendoza;Miguel de;Mendoza
José Mendoza;José;Mendoza
José Mendoza Moctezuma;José;Mendoza Moctezuma
Mercado;;Mercado
Manuel Merchán Cano;Manuel;Merchán Cano
Tomás de Merlo;Tomás de;Merlo
Antonio Mermejo;Antonio;Mermejo
Eliab Metcalf;Eliab;Metcalf
Mateo Mexia;Mateo;Mexia
Jeremiah Meyer;Jeremiah;Meyer
John Izard Middleton;John Izard;Middleton
Bernardo de Miera;Bernardo de;Miera
John Miers;John;Miers
Abraham Mignon;Abraham;Mignon
Edward Miles;Edward;Miles
Juan Rubí de Miramón;Juan Rubí de;Miramón
Francisco Benito de Miranda;Francisco Benito de;Miranda
Theodore Moise;Theodore;Moise
Antonio Molleno;Antonio;Molleno
Isidoro Francisco de Moncada;Isidoro Francisco de;Moncada
Francisco de Moncada;Francisco de;Moncada
Isidoro de Moncada;Isidoro de;Moncada
Antonio de Montúfar;Antonio de;Montúfar
José de Mora;José de;Mora
Juan de Mora;Juan de;Mora
Jean de Morainville;Jean de;Morainville
José Morales Pbro;José;Morales
Francisco de Morales;Francisco de;Morales
Luis Morales;Luis;Morales
Matheo Moreno;Matheo;Moreno
Francisco Morlete;Francisco;Morlete
Juan Patricio Morlete Ruiz;Juan Patricio;Morlete Ruiz
Mariano Morlette;Mariano;Morlette
Samuel F. B. Morse;Samuel F. B.;Morse
José de la Mota;José de la;Mota
Reuben Moulthrop;Reuben;Moulthrop
William Sidney Mount;William Sidney;Mount
Cristóforo Munari;Cristóforo;Munari
Benito Muñoz;Benito;Muñoz
Gaspar Muñoz;Gaspar;Muñoz
Blas Muñoz del Barco;Blas;Muñoz del Barco
Girolamo Muziano;Girolamo;Muziano
Joao Francisco Muzzi;Joao Francisco;Muzzi
Angelus Nardi;Angelus;Nardi
Juan Bautista Narria;Juan Bautista;Narria
Alonso de Narváez;Alonso de;Narváez
Joaquim José da Natividade;Joaquim José da;Natividade
A Nava;A;Nava
José Navarro;José;Navarro
Francois Joseph Navez;Francois Joseph;Navez
John Neagle;John;Neagle
Enrique Nicolás;Enrique;Nicolás
Bernabé Nina;Bernabé;Nina
Luis Niño;Luis;Niño
Pedro Nolasco;Pedro;Nolasco
Pedro José Noriega;Pedro José;Noriega
José Núñez de Sotomayor;José;Núñez de Sotomayor
Alonso O’Crowley;Alonso;O’Crowley
Diego de Ocaña;Diego de;Ocaña
Juan Francisco Ochoa;Juan Francisco;Ochoa
Francisco Ochoa;Francisco;Ochoa
Mercedes Ogazón;Mercedes;Ogazón
Nicolás de Oliva;Nicolás de;Oliva
Florentino Olivares;Florentino;Olivares
Francisco de Paula Oliveira Dias;Francisco de Paula;Oliveira Dias
José Oliveira Rosa;José;Oliveira Rosa
Manuel Oquendo;Manuel;Oquendo
Francisco Ortega;Francisco;Ortega
Ignacio Ortega;Ignacio;Ortega
José Ortiz;José;Ortiz
Pedro Tiburcio Ortíz;Pedro Tiburcio;Ortíz
Juan Osorio;Juan;Osorio
Félix Ospino;Félix;Ospino
Bass Otis;Bass;Otis
Gabriel José Ovalle;Gabriel José;Ovalle
Pedro Ovalle Díaz;Pedro;Ovalle Díaz
Luís de Oviedo;Luís de;Oviedo
Basilio Pacheco;Basilio;Pacheco
Francisco de Padilla;Francisco de;Padilla
José Padilla;José;Padilla
Padilla;;Padilla
José de Páez;José de;Páez
José Páez;José;Páez
William Page;William;Page
Antonio Palacios;Antonio;Palacios
Ascencio Palacios;Ascencio;Palacios
Manuel Palacios;Manuel;Palacios
Armand Julien Palliere;Armand Julien;Palliere
Jane Palmer;Jane;Palmer
John Paradise;John;Paradise
Pedro Pardo;Pedro;Pardo
Lázaro Pardo de Cárdenas;Lázaro;Pardo de Cárdenas
Juan Pardo de Lago Osorio;Juan;Pardo de Lago Osorio
Lázaro Pardo de Lagos;Lázaro;Pardo de Lagos
Paredes;;Paredes
Nehemiah Partridge;Nehemiah;Partridge
Jeremiah Paul;Jeremiah;Paul
Manuel Paz;Manuel;Paz
Mateo Paz;Mateo;Paz
Raphaelle Peale;Raphaelle;Peale
Anna Claypoole Peale;Anna Claypoole;Peale
Charles Willson Peale;Charles Willson;Peale
Sarah Miriam Peale;Sarah Miriam;Peale
James Peale;James;Peale
Rembrandt Peale;Rembrandt;Peale
Charles Peale Polk;Charles;Peale Polk
James M. Pearce;James M.;Pearce
Sheldon Peck;Sheldon;Peck
Lewis Peckham;Lewis;Peckham
Robert Peckham;Robert;Peckham
John Ritto Penniman;John Ritto;Penniman
Rafael de la Peña;Rafael de la;Peña
D. Peña;D.;Peña
Mariano Peña y Herrera;Mariano;Peña y Herrera
José Antonio Peñaloza;José Antonio;Peñaloza
Tomás Javier de Peralta;Tomás Javier de;Peralta
José de Peralta;José de;Peralta
Javier Peralta;Javier;Peralta
Iones Peres;Iones;Peres
Simón Pereyns;Simón;Pereyns
A. Pérez;A.;Pérez
Bartolomé Pérez;Bartolomé;Pérez
Diego Pérez;Diego;Pérez
Pascual Pérez;Pascual;Pérez
Vicente Pérez;Vicente;Pérez
Antonio Pérez de Aguilar;Antonio;Pérez de Aguilar
Mateo Pérez de Alesio;Mateo;Pérez de Alesio
Melchor Pérez de Holguín;Melchor;Pérez de Holguín
Fabián Pérez de Medina;Fabián;Pérez de Medina
José Pérez de Parada;José;Pérez de Parada
Juan Pérez de Salazar;Juan;Pérez de Salazar
Pérez M.;;Pérez M.
Juan Pérez Mejía;Juan;Pérez Mejía
José Perovani;José;Perovani
Philippe Abraham Peticolas;Philippe Abraham;Peticolas
Martín de Petris;Martín de;Petris
Ammi Phillips;Ammi;Phillips
Juan Bautista Piazzeta;Juan Bautista;Piazzeta
Ricardo do Pilar;Ricardo do;Pilar
Robert Edge Pine;Robert Edge;Pine
José Pinhão de Matos;José;Pinhão de Matos
Eunice Pinney;Eunice;Pinney
Ambrosio del Pino;Ambrosio del;Pino
A. Pino;A.;Pino
Manuel de Jesús Pinto;Manuel de Jesús;Pinto
Antonio Pinto;Antonio;Pinto
Joaquín Pinto;Joaquín;Pinto
José Salomón Piña;José Salomón;Piña
Bernardo Pires da Silva;Bernardo;Pires da Silva
Mateo Pizarro;Mateo;Pizarro
George Place;George;Place
Miguel Po…;Miguel;Po…
Charles Polk;Charles;Polk
Pollard Limner;Limner;Pollard
Felipe Guamán Poma de Ayala;Felipe Guamán;Poma de Ayala
María de Jesús Ponce;María de Jesús;Ponce
Alonso de Ponte;Alonso de;Ponte
Lorenzo de Ponte;Lorenzo de;Ponte
Rufus Porter;Rufus;Porter
Frans Post;Frans;Post
Lorenzo de Poveda;Lorenzo de;Poveda
Asahel Powers;Asahel;Powers
José Joaquín del Pozo;José Joaquín del;Pozo
Francisco del Pozo;Francisco del;Pozo
José del Pozo;José del;Pozo
Andrés Pozzo;Andrés;Pozzo
Juan Antonio Prado;Juan Antonio;Prado
Pedro del Prado;Pedro del;Prado
Mattew Pratt;Mattew;Pratt
Matthew Pratt;Matthew;Pratt
José de Priego;José de;Priego
William Matthew Prior;William Matthew;Prior
Diego de la Puente;Diego de la;Puente
Mateo Pumaqawa;Mateo;Pumaqawa
Carolus Quesada;Carolus;Quesada
Francisco de Quispe;Francisco de;Quispe
Diego Quispe Tito;Diego;Quispe Tito
José Rabelo de Vasconcelos;José;Rabelo de Vasconcelos
Francis Rabineau;Francis;Rabineau
John Ramage;John;Ramage
Manuel Ramírez;Manuel;Ramírez
Pedro Ramírez;Pedro;Ramírez
Antonio Ramírez Montufar;Antonio;Ramírez Montufar
Juan Ramos;Juan;Ramos
A.M. Randall;A.M.;Randall
Manoel Rebelo e Souza;Manoel;Rebelo e Souza
Rebolledo;;Rebolledo
Philip Reinagle;Philip;Reinagle
Paul Revere;Paul;Revere
Joshua Reynolds;Joshua;Reynolds
Luis de Riaño;Luis de;Riaño
Manuel Ribeiro Rosa;Manuel;Ribeiro Rosa
Marcos de Ribera;Marcos de;Ribera
José Ribera;José;Ribera
Juan Agustín Riera;Juan Agustín;Riera
John Francis Rigaud;John Francis;Rigaud
Peter Rindisbacher;Peter;Rindisbacher
Juan del Río;Juan del;Río
Hipólito de Rioja;Hipólito de;Rioja
José López de los Ríos;José;López de los Ríos
Ignacio de Ríos;Ignacio de;Ríos
Francisco Ríos;Francisco;Ríos
José de Rivafrecha y Jordán;José de;Rivafrecha y Jordán
Felipe de Rivera;Felipe de;Rivera
José Marcelino de Rivera y Argonanis;José Marcelino de;Rivera y Argonanis
Salvador Rizo;Salvador;Rizo
James Roberts;James;Roberts
John Roberts;John;Roberts
Mary Roberts;Mary;Roberts
Alexander Robertson;Alexander;Robertson
Andrew Robertson;Andrew;Robertson
Archibald Robertson;Archibald;Robertson
Charles Robertson;Charles;Robertson
Walter Robertson;Walter;Robertson
John Robinson;John;Robinson
Joseph Robinson;Joseph;Robinson
José Joaquim da Rocha;José Joaquim da;Rocha
Antonio Rodrigues Belo;Antonio;Rodrigues Belo
Simplicio Rodrigues de Sá;Simplicio;Rodrigues de Sá
José Rodrigues Nunes;José;Rodrigues Nunes
Lucas Rodríguez;Lucas;Rodríguez
Antonio Rodríguez;Antonio;Rodríguez
Bernardo Rodríguez;Bernardo;Rodríguez
Vicente Rodríguez;Vicente;Rodríguez
JoséLuis Rodríguez Alconedo México;José Luis;Rodríguez Alconedo
José Rodríguez Carnero;José;Rodríguez Carnero
José Rodríguez de los Santos;José;Rodríguez de los Santos
Juan Rodríguez Herrera;Juan;Rodríguez Herrera
Francisco Rodríguez Juárez;Francisco;Rodríguez Juárez
José Rodríguez Juárez;José;Rodríguez Juárez
Nicolás Rodríguez Juárez;Nicolás;Rodríguez Juárez
Juan Rodríguez Juárez;Juan;Rodríguez Juárez
Bernardo Rodríguez quiteño;Bernardo;Rodríguez quiteño
Juan Rodríguez Samanes;Juan;Rodríguez Samanes
Nathaniel Rogers;Nathaniel;Rogers
Nicolás Rojo;Nicolás;Rojo
Bartolomé Román;Bartolomé;Román
Gregorio Romero;Gregorio;Romero
George Romney;George;Romney
Francisco Rondón Fray;Francisco;Rondón
George Ropes;George;Ropes
Francisco Javier de la Rosa;Francisco Javier de la;Rosa
Juan José Rosales;Juan José;Rosales
John Rose;John;Rose
Reuben Rowley;Reuben;Rowley
Juan de Ruelas;Juan de;Ruelas
Pedro Ruiz;Pedro;Ruiz
John Russell;John;Russell
Manoel do Sacramento;Manoel do;Sacramento
Juan Sáenz;Juan;Sáenz
Francisco Salamanca;Francisco;Salamanca
Padre Salamanca;Padre;Salamanca
José de Salas;José de;Salas
Antonio Salas;Antonio;Salas
Basilio de Salazar;Basilio de;Salazar
Francisco Javier Salazar;Francisco Javier;Salazar
Basilio Salazar;Basilio;Salazar
José Francisco Xavier de Salazar y Mendoza;José Francisco Xavier de;Salazar y Mendoza
Sebastián Salcedo;Sebastián;Salcedo
Mateo Saldaña;Mateo;Saldaña
Pedro Saldaña;Pedro;Saldaña
Juan Salguero;Juan;Salguero
Erastus Salisbury Field;Erastus;Salisbury Field
Robert Salmon;Robert;Salmon
Francesco Salviati;Francesco;Salviati
Manuel de Samaniego;Manuel de;Samaniego
Diego Samaniego;Diego;Samaniego
B. san Pedro;B.;san Pedro
Juan de San Pedro Flores;Juan de;San Pedro Flores
Diego de Sanabria;Diego de;Sanabria
Antonio Sánchez;Antonio;Sánchez
Gregorio Sánchez;Gregorio;Sánchez
José Sánchez;José;Sánchez
Alonso Sánchez Coello;Alonso;Sánchez Coello
Carlos Sánchez de Medina;Carlos;Sánchez de Medina
Lorenzo Sánchez de Medina;Lorenzo;Sánchez de Medina
Andrés Sánchez Galque;Andrés;Sánchez Galque
Juan Sánchez Salmerón;Juan;Sánchez Salmerón
Paul Sandby;Paul;Sandby
Francisco de Sandoval;Francisco de;Sandoval
Pedro Sandoval;Pedro;Sandoval
Salvador Sandoval;Salvador;Sandoval
Basilio de Santa Cruz Pumacallao;Basilio de;Santa Cruz Pumacallao
Francisco Javier de Santander;Francisco Javier de;Santander
Antonio de Santander;Antonio de;Santander
Isabel de Santiago;Isabel de;Santiago
Miguel de Santiago;Miguel de;Santiago
José Santos Figueroa;José;Santos Figueroa
Henry Sargent;Henry;Sargent
Juan Sarmiento;Juan;Sarmiento
Edward Savage;Edward;Savage
Ary Scheffer;Ary;Scheffer
Schuyler Limner;Limner;Schuyler
SD;;SD
Jean B. Sel;Jean B.;Sel
João de Deus Sepúlveda;João de Deus;Sepúlveda
Manuel de Sepúlveda;Manuel de;Sepúlveda
Manuel de la Serna;Manuel de la;Serna
Francisco Serrano;Francisco;Serrano
Manuel Serrano;Manuel;Serrano
Marcos Serrano;Marcos;Serrano
John Shackleton;John;Shackleton
James Sharples;James;Sharples
Joshua Shaw;Joshua;Shaw
B. Silani Sillberg;B.;Silani Sillberg
Henrique Jose da Silva;Henrique Jose da;Silva
Silva;;Silva
José Patricio da Silva Manso;José Patricio da;Silva Manso
Francisco da Silva Romão;Francisco da;Silva Romão
Francisco Silverio de Sotomayor;Francisco;Silverio de Sotomayor
Mary Jane Simes;Mary Jane;Simes
Antônio Simões Ribeiro;Antônio;Simões Ribeiro
James Alexander Simpson;James Alexander;Simpson
Antonio Sinchi Roca;Antonio;Sinchi Roca
Juan Sinchi Roca;Juan;Sinchi Roca
John Smart;John;Smart
John Smibert;John;Smibert
John Rubens Smith;John Rubens;Smith
James Smith;James;Smith
Samuel Smith;Samuel;Smith
Thomas Smith;Thomas;Smith
José Soares de Araújo;José;Soares de Araújo
Agustín Sojo;Agustín;Sojo
Francisco Solano;Francisco;Solano
Euzébio da Soledade;Euzébio da;Soledade
Gregorio Solís;Gregorio;Solís
Juan de Solórzano;Juan de;Solórzano
Joaquín de Sosa;Joaquín de;Sosa
Tomas de Sosa;Tomas de;Sosa
Thomas Stothard;Thomas;Stothard
Robert Street;Robert;Street
Louisa C. Strobel;Louisa C.;Strobel
Gilbert Stuart;Gilbert;Stuart
José Suárez;José;Suárez
Luke Sullivan;Luke;Sullivan
Lawrence Sully;Lawrence;Sully
Thomas Sully;Thomas;Sully
Pablo José de Talavera;Pablo José de;Talavera
Cristóbal de Talavera;Cristóbal de;Talavera
Manuel Talavera;Manuel;Talavera
Felix Emile Taunay;Felix Emile;Taunay
Nicolas Antoine Taunay;Nicolas Antoine;Taunay
Nicolás Tejada;Nicolás;Tejada
Nicolás Tejada y Pedro de Brizuela;Nicolás y Pedro de;Tejada y Brizuela
The Beardsley Limner;Limner;The Beardsley
The Conant Limner;Limner;The Conant
The Denison Limner;Limner;The Denison
Jeremiah Theus;Jeremiah;Theus
Benjamin Thompson;Benjamin;Thompson
Cephas Thompson;Cephas;Thompson
William Thomson;William;Thomson
Philip Tilyard;Philip;Tilyard
Juan Tinoco;Juan;Tinoco
Cipriano Toledo y Gutiérrez;Cipriano;Toledo y Gutiérrez
Ventura Torijano;Ventura;Torijano
Antonio de Torres;Antonio de;Torres
Blas de Torres;Blas de;Torres
Diego de Torres;Diego de;Torres
Ramón de Torres;Ramón de;Torres
Ramón Torres;Ramón;Torres
Francisco Eduardo Tresguerras;Francisco Eduardo;Tresguerras
Francisco Tresgurras;Francisco;Tresgurras
Francisco Trevisani;Francisco;Trevisani
Benjamin Trott;Benjamin;Trott
John Trumbull;John;Trumbull
Blas Tupac Amaru;Blas;Tupac Amaru
Abraham Tuthill;Abraham;Tuthill
Gabriel Ugarte;Gabriel;Ugarte
Urbina;;Urbina
Joaquín Urrea;Joaquín;Urrea
Juan de Valdés Leal;Juan de;Valdés Leal
Antonio Valdez y Ugarde (Oyardo);Antonio;Valdez y Ugarde (Oyardo)
José de Valladares;José de;Valladares
José Valladares;José;Valladares
Guillermo del Valle;Guillermo del;Valle
Jean François de la Vallée;Jean François de la;Vallée
Francisco Antonio Vallejo;Francisco Antonio;Vallejo
José María Vallejo;José María;Vallejo
Miguel Vallejo;Miguel;Vallejo
Francisco Morales Van Den Eynden;Francisco Morales;Van Den Eynden
Morales Van Eyden;Morales;Van Eyden
Pieter Vanderlyn;Pieter;Vanderlyn
John Vanderlyn;John;Vanderlyn
Francisco Varela;Francisco;Varela
Pedro de Vargas;Pedro de;Vargas
Baltasar Vargas de Figueroa;Baltasar;Vargas de Figueroa
John Varley;John;Varley
Domingo de Vasconcellos;Domingo de;Vasconcellos
Juan Bautista Vásquez;Juan Bautista;Vásquez
Diego Vásquez;Diego;Vásquez
Mariano Vásquez A.;Mariano;Vásquez A.
Gregorio Vásquez de Arce y Ceballos;Gregorio;Vásquez de Arce y Ceballos
José María Vázquez;José María;Vázquez
Alonso Vázquez;Alonso;Vázquez
José Joaquín de la Vega;José Joaquín de la;Vega
Luis de la Vega Lagarto;Luis de la;Vega Lagarto
Cristóbal Vela Cobo;Cristóbal;Vela Cobo
Francisco Velázquez;Francisco;Velázquez
Lourenço Veloso;Lourenço;Veloso
Magdalena Ventura del Smo. Sacramento;Magdalena;Ventura del Smo. Sacramento
Juan de Vera;Juan de;Vera
Alonso Vera de la Cruz;Alonso;Vera de la Cruz
Juan Bautista Vermay;Juan Bautista;Vermay
William Verstille;William;Verstille
Antonio Vilca;Antonio;Vilca
Lorenzo de Villa;Lorenzo de;Villa
Manuel Villa;Manuel;Villa
Juan de Villalobos;Juan de;Villalobos
Juan Villalobos;Juan;Villalobos
Carlos de Villalpando;Carlos de;Villalpando
Cristóbal de Villalpando;Cristóbal de;Villalpando
Manuel Villavicencio;Manuel;Villavicencio
Juan de Villegas;Juan de;Villegas
Pedro de Villegas;Pedro de;Villegas
Joaquín Villegas;Joaquín;Villegas
Pedro Villegas Marmolejo;Pedro;Villegas Marmolejo
Juan Visier;Juan;Visier
Charles Frederick Von Breda;Charles Frederick;Von Breda
Martín de Vos;Martín de;Vos
Samuel Lovett Waldo;Samuel Lovett;Waldo
Samuel Waldo;Samuel;Waldo
Thomas Wale;Thomas;Wale
John Watson;John;Watson
S. Wehry;S.;Wehry
Carl Weinedel;Carl;Weinedel
Adolf Ulric Wertmüller;Adolf Ulric;Wertmüller
George William West;George William;West
William Edward West;William Edward;West
Benjamin West;Benjamin;West
T. Wheeler;T.;Wheeler
John Blake White;John Blake;White
S. Whiting;S.;Whiting
J. Wiess;J.;Wiess
Frank William Wilkin;Frank William;Wilkin
William Williams;William;Williams
Henry Williams;Henry;Williams
William Winstanley;William;Winstanley
John Wollaston;John;Wollaston
Joseph Wood;Joseph;Wood
Joseph Wright;Joseph;Wright
Ximénes;;Ximénes
Rafael Ximeno y Planes;Rafael;Ximeno y Planes
Juan Manuel Yllanes del Huerto;Juan Manuel;Yllanes del Huerto
Talavera ymbent;Talavera;ymbent
Thomas Young;Thomas;Young
Agustín Zamora;Agustín;Zamora
José Hilario zapata;José Hilario;zapata
Marcos Zapata;Marcos;Zapata
Juan Zapata Inca;Juan;Zapata Inca
Alfonso de Zarate;Alfonso de;Zarate
Félix Zarte;Félix;Zarte
Esteban Zeballos;Esteban;Zeballos
Miguel Jerónimo Zendejas;Miguel Jerónimo;Zendejas
Lorenzo Zendejas;Lorenzo;Zendejas
Johan Zoffany;Johan;Zoffany
Gabriel de Zúñiga;Gabriel de;Zúñiga
Francisco de Zurbarán;Francisco de;Zurbarán
José Lorenzo Zurita;José Lorenzo;Zurita